<?xml version="1.0" encoding="ISO-8859-1" standalone="no"?>
<IP xmlns="http://mcd.rou.st.com/modules.php?name=mcu" DBVersion="V4.0" IPType="Thirdparty" IpGroup="Additional Software" Name="STMicroelectronics.X-CUBE-BLE1" Version="6.1.0" xmlns:ns0="http://www.w3.org/2001/XMLSchema-instance" ns0:schemaLocation="http://mcd.rou.st.com/modules.php?name=mcu ../../../../../../../doc/V4/Development/Specifications/db/IP_Modes.xsd">
    <!--Generated by CubeMX-->
    <RefMode Abstract="true" Name="WirelessJjBlueNRGAaMS">
        <ConfigForMode>WirelessJjBlueNRGAaMS</ConfigForMode>
        <Parameter Name="BlueNRGAaMSCcWirelessJjBlueNRGAaMSJjController"/>
        <Parameter Name="BlueNRGAaMSCcWirelessJjBlueNRGAaMSJjHCIIiTL"/>
        <Parameter Name="BlueNRGAaMSCcWirelessJjBlueNRGAaMSJjHCIIiTLIiINTERFACE"/>
        <Parameter Name="BlueNRGAaMSCcWirelessJjBlueNRGAaMSJjUtils"/>
        <!-- Add Parameters for #define -->
        <Parameter Name="BLE1_DEBUG" Added="true"/>
        <Parameter Name="PRINT_CSV_FORMAT" Added="true"/>
        <Parameter Name="HCI_READ_PACKET_SIZE" Added="true"/>
        <Parameter Name="HCI_MAX_PAYLOAD_SIZE" Added="true"/>
        <Parameter Name="SCAN_P" Added="true"/>
        <Parameter Name="SCAN_L" Added="true"/>
        <Parameter Name="SUPERV_TIMEOUT" Added="true"/>
        <Parameter Name="CONN_P1" Added="true"/>
        <Parameter Name="CONN_P2" Added="true"/>
        <Parameter Name="CONN_L1" Added="true"/>
        <Parameter Name="CONN_L2" Added="true"/>
        <Parameter Name="ADV_DATA_TYPE" Added="true"/>
        <Parameter Name="ADV_INTERV_MIN" Added="true"/>
        <Parameter Name="ADV_INTERV_MAX" Added="true"/>
        <Parameter Name="L2CAP_INTERV_MIN" Added="true"/>
        <Parameter Name="L2CAP_INTERV_MAX" Added="true"/>
        <Parameter Name="L2CAP_TIMEOUT_MULTIPLIER" Added="true"/>
        <BspDependency Name="BUS IO driver" Comment="The SPI is capable to drive the Bluetooth Low Energy module" BspIpName="SPI" BspModeName="Full-Duplex Master" Api="BSP_BUS_DRIVER" GroupName="HCI_TL_INTERFACE">
            <Condition Expression="SEMBlueNRGAaMSCcWirelessJjBlueNRGAaMSJjHCIIiTLIiINTERFACEJjUserBoard" Diagnostic=""/>
        </BspDependency>
        <BspDependency Name="Exti Line" Comment="Interrupt from Bluetooth Low Energy module" BspIpName="GPIO" BspModeName="EXTI" Api="HAL_EXTI_DRIVER" GroupName="HCI_TL_INTERFACE">
            <Condition Expression="SEMBlueNRGAaMSCcWirelessJjBlueNRGAaMSJjHCIIiTLIiINTERFACEJjUserBoard" Diagnostic=""/>
        </BspDependency>        
        <BspDependency Name="CS Line" Comment="Chip Select for the Bluetooth Low Energy module" BspIpName="GPIO" BspModeName="Output" GroupName="HCI_TL_INTERFACE">
            <Condition Expression="SEMBlueNRGAaMSCcWirelessJjBlueNRGAaMSJjHCIIiTLIiINTERFACEJjUserBoard"  Diagnostic=""/>
        </BspDependency>
        <BspDependency Name="Reset Line" Comment="Generate a reset to the Bluetooth Low Energy module" BspIpName="GPIO" BspModeName="Output" GroupName="HCI_TL_INTERFACE">
            <Condition Expression="SEMBlueNRGAaMSCcWirelessJjBlueNRGAaMSJjHCIIiTLIiINTERFACEJjUserBoard"  Diagnostic=""/>
        </BspDependency>
    </RefMode>
    <RefMode Abstract="true" Name="DeviceJjBLE1IiApplications">
        <ConfigForMode>DeviceJjBLE1IiApplications</ConfigForMode>
        <Parameter Name="BLE1IiApplicationsCcDeviceJjApplication"/>
        <BspDependency Name="BSP LED" Comment="Use the User Led for this application" BspIpName="GPIO" BspModeName="Output" Api="BSP_COMMON_DRIVER" GroupName="BSP">
            <Condition Expression="SEMBLE1IiApplicationsCcDeviceJjApplicationJjSensorDemoBLESensor | SEMBLE1IiApplicationsCcDeviceJjApplicationJjSampleApp"  Diagnostic=""/>
        </BspDependency>
        <BspDependency Name="BSP BUTTON" Comment="Use the User Button for this application" BspIpName="GPIO" BspModeName="EXTI" Api="BSP_COMMON_DRIVER" GroupName="BSP">
            <Condition Expression="SEMBLE1IiApplicationsCcDeviceJjApplicationJjSensorDemoBLESensor | SEMBLE1IiApplicationsCcDeviceJjApplicationJjSampleApp"  Diagnostic=""/>
        </BspDependency>
        <BspDependency Name="BSP USART" Comment="Use an USART for this application" BspIpName="(LPU|US)ART" BspModeName="Asynchronous" Api="BSP_COMMON_DRIVER" GroupName="BSP">
            <Condition Expression="SEMBLE1IiApplicationsCcDeviceJjApplicationJjSensorDemoBLESensor | SEMBLE1IiApplicationsCcDeviceJjApplicationJjSampleApp | SEMBLE1IiApplicationsCcDeviceJjApplicationJjBeacon | SEMBLE1IiApplicationsCcDeviceJjApplicationJjVirtualCOMPort" Diagnostic=""/>
        </BspDependency>
    </RefMode>

    <RefParameter Name="BLE1_DEBUG" Comment="BLE1_DEBUG " DefaultValue="0" Type="list" Group="Log &amp; Debug" Added="true">
        <PossibleValue Value="0" Comment="No debug message (0)"/>	
        <PossibleValue Value="1" Comment="Only User messages are shown (1)"/>
        <Description>Print messages from files at user level:
            &lt;br&gt; 0: No debug message is shown
            &lt;br&gt; 1: Debug messages are shown
        </Description>
    </RefParameter>
    <RefParameter Name="PRINT_CSV_FORMAT" Comment="PRINT_CSV_FORMAT " DefaultValue="0" Type="list" Group="Log &amp; Debug" Added="true">
        <PossibleValue Value="0" Comment="CSV format message print disabled (0)"/>	
        <PossibleValue Value="1" Comment="CSV format message print enabled (1)"/>	
        <Description>Print the data travelling over the SPI in the .csv format compatible with the ST BlueNRG GUI:
            &lt;br&gt; 0: CSV format message print disabled
            &lt;br&gt; 1: CSV format message print enabled
        </Description>
    </RefParameter>
    
    <RefParameter Name="HCI_READ_PACKET_SIZE" Comment="HCI_READ_PACKET_SIZE " DefaultValue="128" Type="list" Group="HCI Basic Parameters" Added="true">
        <PossibleValue Value="128" Comment="128 Bytes reserved for HCI Read Packet"/>
        <PossibleValue Value="256" Comment="256 Bytes reserved for HCI Read Packet"/>
    </RefParameter>
    
    <RefParameter Name="HCI_MAX_PAYLOAD_SIZE" Comment="HCI_MAX_PAYLOAD_SIZE " DefaultValue="128" Type="list" Group="HCI Basic Parameters" Added="true">
        <PossibleValue Value="128" Comment="128 Bytes reserved for HCI Max Payload"/>
        <PossibleValue Value="256" Comment="256 Bytes reserved for HCI Max Payload"/>
    </RefParameter>
	
    <RefParameter Name="SCAN_P" Comment="Scan Interval (SCAN_P)" Min="4" Max="16384" DefaultValue="16384" Type="integer" Group="Connection Parameters (for expert users)" Added="true">
        <Description>Time interval from when the Controller started its last LE scan until it begins the subsequent LE scan.&lt;br&gt;
                     It must be a number in the range from 4 (0x0004) to 16384 (0x4000).&lt;br&gt;
                     This corresponds to a time range from 2.5 to 10240 msec (for a number N, Time = N x 0.625 msec).&lt;br&gt;
        </Description>
    </RefParameter>
    
    <RefParameter Name="SCAN_L" Comment="Scan Window (SCAN_L)" Min="4" Max="16384" DefaultValue="16384" Type="integer" Group="Connection Parameters (for expert users)" Added="true">
        <Description>Amount of time for the duration of the LE scan.&lt;br&gt;
                     It must be a number in the range from 4 (0x0004) to 16384 (0x4000).&lt;br&gt;
                     This corresponds to a time range from 2.5 to 10240 msec (for a number N, Time = N x 0.625 msec).&lt;br&gt;
        </Description>
    </RefParameter>
	
    <RefParameter Name="SUPERV_TIMEOUT" Comment="Supervision Timeout (SUPERV_TIMEOUT)" Min="10" Max="3200" DefaultValue="60" Type="integer" Group="Connection Parameters (for expert users)" Added="true">
        <Description>It must be a number in the range from 10 (0x000A) to 3200(0x0C80).&lt;br&gt;
                     This corresponds to a time range from 100 msec to 32 sec (for a number N, Time = N x 10 msec).&lt;br&gt;
        </Description>
    </RefParameter>
	
    <RefParameter Name="CONN_P1" Comment="Min Connection Period (CONN_P1)" Min="6" Max="3200" DefaultValue="40" Type="integer" Group="Connection Parameters (for expert users)" Added="true">
        <Description>Minimum value for the connection event interval.&lt;br&gt;
                     It shall be less than or equal to the maximum connection event interval.&lt;br&gt;
                     Its range is from 6 (0x0006) to 3200 (0x0C80) that corresponds to a time range from 7.5 msec to 4 seconds (for a number N, Time = N x 1.25 msec).&lt;br&gt;
        </Description>
    </RefParameter>
	
    <RefParameter Name="CONN_P2" Comment="Max Connection Period (CONN_P2)" Min="6" Max="3200" DefaultValue="40" Type="integer" Group="Connection Parameters (for expert users)" Added="true">
        <Description>Maximum value for the connection event interval.&lt;br&gt;
                     It shall be greater than or equal to the minimum connection event interval.&lt;br&gt;
                     Its range is from 6 (0x0006) to 3200 (0x0C80) that corresponds to a time range from 7.5 msec to 4 seconds (for a number N, Time = N x 1.25 msec).&lt;br&gt;
        </Description>
    </RefParameter>
	
    <RefParameter Name="CONN_L1" Comment="Min Connection Length (CONN_L1)" Min="0" Max="65535" DefaultValue="2000" Type="integer" Group="Connection Parameters (for expert users)" Added="true">
        <Description>Minimum length of connection needed for the LE connection.&lt;br&gt;
                     It must be a number in the range from 0 (0x0000) to 65535 (0xFFFF) that corresponds to a time range from 0 msec to 40 seconds (for a number N, Time = N x 0.625 msec).&lt;br&gt;
        </Description>
    </RefParameter>
	
    <RefParameter Name="CONN_L2" Comment="Max Connection Length (CONN_L2)" Min="0" Max="65535" DefaultValue="2000" Type="integer" Group="Connection Parameters (for expert users)" Added="true">
        <Description>Maximum length of connection needed for the LE connection.&lt;br&gt;
                     It must be a number in the range from 0 (0x0000) to 65535 (0xFFFF) that corresponds to a time range from 0 msec to 40 seconds (for a number N, Time = N x 0.625 msec).&lt;br&gt;
        </Description>
    </RefParameter>
	
    <RefParameter Name="ADV_DATA_TYPE" Comment="Advertising Type (ADV_DATA_TYPE)" DefaultValue="ADV_IND" Type="list" Group="Connection Parameters (for expert users)" Added="true">
        <PossibleValue Value="ADV_IND" Comment="Connectable Undirected Advertising (ADV_IND)"/>
        <PossibleValue Value="ADV_SCAN_IND" Comment="Scannable Undirected Advertising (ADV_SCAN_IND)"/>
        <PossibleValue Value="ADV_NONCONN_IND" Comment="Non Connectable Undirected Advertising (ADV_NONCONN_IND)"/>
        <Description>Advertising Types
                     &lt;br&gt; ADV_IND: Connectable Undirected Advertising
                     &lt;br&gt; ADV_SCAN_IND: Scannable Undirected Advertising
                     &lt;br&gt; ADV_NONCONN_IND: Non Connectable Undirected Advertising
        </Description>
    </RefParameter>
		
    <RefParameter Name="ADV_INTERV_MIN" Comment="Min Advertising Interval (ADV_INTERV_MIN)" Min="32" Max="16384" DefaultValue="2048" Type="integer" Group="Connection Parameters (for expert users)" Added="true">
        <Description>It must be a number in the range from 32 (0x0020) to 16384 (0x4000) that corresponds to a time range from 20 msec to 10.24 sec (for a number N, Time = N x 0.625 msec).&lt;br&gt;
                     The default value is 1.28 sec.&lt;br&gt;
                     For ADV_SCAN_IND or ADV_NONCONN_IND the minimum time is 100 msec.&lt;br&gt;
                     If both ADV_INTERV_MIN and ADV_INTERV_MAX are set to 0, the Generic Access Profile (GAP) uses the default values for advertising intervals.&lt;br&gt;
        </Description>
    </RefParameter>
    
    <RefParameter Name="ADV_INTERV_MAX" Comment="Max Advertising Interval (ADV_INTERV_MAX)" Min="32" Max="16384" DefaultValue="4096" Type="integer" Group="Connection Parameters (for expert users)" Added="true">
        <Description>It must be a number in the range from 32 (0x0020) to 16384 (0x4000) that corresponds to a time range from 20 msec to 10.24 sec (for a number N, Time = N x 0.625 msec).&lt;br&gt;
                     The default value is 2.56 sec.&lt;br&gt;
                     For ADV_SCAN_IND or ADV_NONCONN_IND the minimum time is 100 msec.&lt;br&gt;
                     If both ADV_INTERV_MIN and ADV_INTERV_MAX are set to 0, the Generic Access Profile (GAP) uses the default values for advertising intervals.&lt;br&gt;
        </Description>
    </RefParameter>
	
    <RefParameter Name="L2CAP_INTERV_MIN" Comment="Min Connection Event Interval (L2CAP_INTERV_MIN)" Min="6" Max="3200" DefaultValue="9" Type="integer" Group="Connection Parameters (for expert users)" Added="true">
        <Description>It is a parameter of an L2CAP Connection Parameter Update request from a slave to the master.&lt;br&gt;
                     It must be a number in the range from 6 (0x0006) to 3200 (0x0C80) that corresponds to a time range from 7.5 msec to 4000 msec (for a number N, Time = N x 1.25 msec).&lt;br&gt;
                     It shall be less than or equal to the Maximum Connection Event Interval (L2CAP_INTERV_MAX).&lt;br&gt;
        </Description>
    </RefParameter>
	
    <RefParameter Name="L2CAP_INTERV_MAX" Comment="Max Connection Event Interval (L2CAP_INTERV_MAX)" Min="6" Max="3200" DefaultValue="20" Type="integer" Group="Connection Parameters (for expert users)" Added="true">
        <Description>It is a parameter of an L2CAP Connection Parameter Update request from a slave to the master.&lt;br&gt;
                     It must be a number in the range from 6 (0x0006) to 3200 (0x0C80) that corresponds to a time range from 7.5 msec to 4000 msec (for a number N, Time = N x 1.25 msec).&lt;br&gt;
                     It shall be greater than or equal to the Minimum Connection Event Interval (L2CAP_INTERV_MIN).&lt;br&gt;
        </Description>
    </RefParameter>
	
    <RefParameter Name="L2CAP_TIMEOUT_MULTIPLIER" Comment="Timeout Multiplier (L2CAP_TIMEOUT_MULTIPLIER)" Min="0" Max="65535" DefaultValue="600" Type="integer" Group="Connection Parameters (for expert users)" Added="true">
        <Description>It is a parameter of an L2CAP Connection Parameter Update request from a slave to the master.&lt;br&gt;
                     It defines the Connection Timeout parameter in the following manner: Timeout Multiplier * 10ms.&lt;br&gt;
        </Description>
    </RefParameter>
	
    <RefParameter Comment="Host Controller Interface (HCI)" DefaultValue="false" Group="Software component selection" Name="BlueNRGAaMSCcWirelessJjBlueNRGAaMSJjController" TabName="WirelessJjBlueNRGAaMS" Type="boolean" Visible="false">
        <PossibleValue Comment="ENABLE" Semaphore="SEMBlueNRGAaMSCcWirelessJjBlueNRGAaMSJjController" Value="true"/>
        <PossibleValue Comment="DISABLE" Value="false"/>
        <Condition Diagnostic="Cortex-M Device and board setup (BlueNRG-MS)" Expression="CONDITIONIiBLEStackOoCondition=true"/>
    </RefParameter>
    <RefParameter Comment="Host Controller Interface (HCI)" DefaultValue="false" Group="Software component selection" Name="BlueNRGAaMSCcWirelessJjBlueNRGAaMSJjController" TabName="WirelessJjBlueNRGAaMS" Type="boolean" Visible="false"/>
	
    <RefParameter Comment="Wireless BlueNRG-MS HCI_TL" DefaultValue="disable" Group="Software component selection" Name="BlueNRGAaMSCcWirelessJjBlueNRGAaMSJjHCIIiTL" TabName="WirelessJjBlueNRGAaMS" Type="list" Visible="false">
        <PossibleValue Comment="DISABLE" Value="DISABLE"/>
        <PossibleValue Comment="Basic HCI Transport Layer (use a basic set of already implemented APIs)" Semaphore="SEMBlueNRGAaMSCcWirelessJjBlueNRGAaMSJjHCIIiTLJjBasic" Value="Basic"/>
        <PossibleValue Comment="Template for HCI Transport Layer (the user can customize the available set of APIs)" Semaphore="SEMBlueNRGAaMSCcWirelessJjBlueNRGAaMSJjHCIIiTLJjTemplate" Value="Template"/>
        <Condition Diagnostic="Request the API BLE Transport Layer" Expression="CONDITIONIiTLOoAPIOoCondition=true"/>
    </RefParameter>
	
    <RefParameter Comment="Wireless BlueNRG-MS HCI_TL" DefaultValue="disable" Group="Software component selection" Name="BlueNRGAaMSCcWirelessJjBlueNRGAaMSJjHCIIiTL" TabName="WirelessJjBlueNRGAaMS" Type="list" Visible="false"/>
	
    <RefParameter Comment="Wireless BlueNRG-MS HCI_TL_INTERFACE" DefaultValue="disable" Group="Software component selection" Name="BlueNRGAaMSCcWirelessJjBlueNRGAaMSJjHCIIiTLIiINTERFACE" TabName="WirelessJjBlueNRGAaMS" Type="list" Visible="false">
        <PossibleValue Comment="DISABLE" Value="DISABLE"/>
        <PossibleValue Comment="HCI Transport Layer Interface based on User Board definition (use a basic set of already implemented APIs)" Semaphore="SEMBlueNRGAaMSCcWirelessJjBlueNRGAaMSJjHCIIiTLIiINTERFACEJjUserBoard" Value="UserBoard"/>
        <PossibleValue Comment="Template for HCI Transport Layer Interface (the user can customize the available set of APIs)" Semaphore="SEMBlueNRGAaMSCcWirelessJjBlueNRGAaMSJjHCIIiTLIiINTERFACEJjTemplate" Value="Template"/>
    </RefParameter>
	
    <RefParameter Comment="Utilities (BLE list manager)" DefaultValue="false" Group="Software component selection" Name="BlueNRGAaMSCcWirelessJjBlueNRGAaMSJjUtils" TabName="WirelessJjBlueNRGAaMS" Type="boolean" Visible="false">
        <PossibleValue Comment="ENABLE" Semaphore="SEMBlueNRGAaMSCcWirelessJjBlueNRGAaMSJjUtils" Value="true"/>
        <PossibleValue Comment="DISABLE" Value="false"/>
    </RefParameter>
	
    <RefParameter Comment="Device Application" DefaultValue="disable" Group="Software component selection" Name="BLE1IiApplicationsCcDeviceJjApplication" TabName="DeviceJjBLE1IiApplications" Type="list" Visible="false">
        <PossibleValue Comment="DISABLE" Value="DISABLE"/>
        <PossibleValue Comment="SensorDemo sample application for the ST BLE Sensor app" Semaphore="SEMBLE1IiApplicationsCcDeviceJjApplicationJjSensorDemoBLESensor" Value="SensorDemoBLESensor"/>
        <PossibleValue Comment="SampleApp sample application" Semaphore="SEMBLE1IiApplicationsCcDeviceJjApplicationJjSampleApp" Value="SampleApp"/>
        <PossibleValue Comment="Beacon sample application" Semaphore="SEMBLE1IiApplicationsCcDeviceJjApplicationJjBeacon" Value="Beacon"/>
        <PossibleValue Comment="Virtual_COM_Port sample application" Semaphore="SEMBLE1IiApplicationsCcDeviceJjApplicationJjVirtualCOMPort" Value="VirtualCOMPort"/>
    </RefParameter>
	
    <RefParameter Comment="Condition Ii Cortex Aa M Oo Device" DefaultValue="true" Name="CONDITIONIiCortexAaMOoDevice" Type="boolean" Visible="false"/>
    <RefParameter Comment="Condition Ii Vcom Oo Condition" DefaultValue="true" Name="CONDITIONIiVCOMOoCondition" Type="boolean" Visible="false"/>
    <RefParameter Comment="Condition Ii Ble Stack Oo Condition" DefaultValue="true" Name="CONDITIONIiBLEStackOoCondition" Type="boolean" Visible="false"/>
    <RefParameter Comment="Condition Ii Application Oo Condition" DefaultValue="true" Name="CONDITIONIiApplicationOoCondition" Type="boolean" Visible="false"/>
    <RefParameter Comment="Condition Ii Tl Oo Api Oo Condition" DefaultValue="true" Name="CONDITIONIiTLOoAPIOoCondition" Type="boolean" Visible="false"/>
    
    <ModeLogicOperator Name="OR">
        <Mode Name="WirelessJjBlueNRGAaMS">
            <ModeLogicOperator Name="OR">
                <Mode Name="WirelessJjBlueNRGAaMS">
                    <SignalLogicalOp Name="AND">
                        <Signal Name="VS_WirelessJjBlueNRGAaMS_6.1.0"/>
                    </SignalLogicalOp>
                </Mode>
            </ModeLogicOperator>
        </Mode>
        <Mode Name="DeviceJjBLE1IiApplications">
            <ModeLogicOperator Name="OR">
                <Mode Name="DeviceJjBLE1IiApplications">
                    <SignalLogicalOp Name="AND">
                        <Signal Name="VS_DeviceJjBLE1IiApplications_6.1.0"/>
                    </SignalLogicalOp>
                </Mode>
            </ModeLogicOperator>
        </Mode>
    </ModeLogicOperator>
    <RefSignal Name="VS_WirelessJjBlueNRGAaMS_6.1.0" Virtual="true"/>
    <RefSignal Name="VS_DeviceJjBLE1IiApplications_6.1.0" Virtual="true"/>
 
</IP>
